{
  "Timestamp": 1762248670154,
  "LoadTimeMs": "3756.6",
  "Metrics": {
    "Timestamp": 114551.933067,
    "Documents": 4,
    "Frames": 2,
    "JSEventListeners": 3382,
    "Nodes": 4039,
    "LayoutCount": 59,
    "RecalcStyleCount": 63,
    "LayoutDuration": 0.044696,
    "RecalcStyleDuration": 0.037499,
    "ScriptDuration": 0.070534,
    "TaskDuration": 1.906621,
    "JSHeapUsedSize": 717956532,
    "JSHeapTotalSize": 780615680
  }
}